merchant_id,demo_merchant_name,merchant_archetype,fulfillment_type,business_description,sales_channel,documentation_maturity,transaction_count,return_count,dispute_count,demo_priority
M000001,Loops & Knots by Ananya,individual_social_seller,physical_delivery,"Crochet clothing, bags, amigurumi toys, and handmade accessories sold via Instagram and WhatsApp. High documentation maturity: most orders have tracked delivery and invoiced receipts.","Instagram, WhatsApp, payment links",0.89,863,156,62,4
M000002,SoleCraft,d2c_brand,physical_delivery,"Online-first D2C footwear brand with a catalogued website. Strong documentation: shipping labels, tracking updates, and delivery confirmations routinely available.",website,0.76,1283,392,67,3
M000003,Gyan IAS Study Circle,education_coaching,digital_service,"Online and offline preparation for competitive exams (UPSC, IAS). Moderate documentation: digital-service delivery with course access logs; no physical shipping evidence.","website, app",0.6,1130,0,74,2
M000004,TripWell,travel_hospitality,booking_service,Travel bookings and holiday packages. Moderate documentation: booking confirmations and itineraries available; physical delivery evidence not applicable.,"website, app",0.52,1135,0,78,1
M000005,CodePilot,digital_saas,digital_service,Fictional B2B SaaS platform for small businesses. Good documentation: subscription invoices and access logs routinely maintained.,website,0.7,836,0,18,6
M000006,QuickBite Kitchen,food_local_commerce,food_delivery,Cloud kitchen delivering food via app and food-delivery platforms. Moderate documentation: order confirmations available; physical delivery tracking limited to platform handoff.,"app, food platforms",0.75,810,0,4,9
M000007,StyleCart,online_marketplace_retailer,physical_delivery,"Multi-brand fashion, beauty, and lifestyle marketplace. High documentation maturity: marketplace-level tracking, return labels, and delivery confirmations.","website, app",0.92,1402,346,12,8
M000008,MediCare Diagnostics,healthcare_diagnostics,appointment_service,Diagnostic tests and health check-up packages booked online. Good documentation: appointment confirmations and test reports available; physical delivery limited to home-collection.,"website, app, clinic",0.79,1628,0,19,7
M000009,FitForge,fitness_services,membership_service,Gym and fitness studio with membership-based access. Moderate documentation: membership invoices and check-in logs available; no physical delivery evidence.,"app, in-person",0.7,1628,0,27,5
